Reactive Alumina,Reactive Silica,Available Alumina,Tonnes per Tonne,Bauxite Cost Incl. Processing Penalties,Caustic Use t.NAOH / t.AA,Caustic cost,Thermal Energy Cost,Lime Cost,Mud make,Mud Disposal Cost,Total Cost
0.53,0.09,0.44000000000000006,2.525252525252525,92.05525924681919,0.23954545454545453,57.49020568133369,50.32139665585269,1.2197497818850216,1.8007979797979796,7.626815774574907,208.71342714046548
0.53,0.09,0.44000000000000006,2.525252525252525,92.05525924681919,0.23954545454545453,57.49020568133369,50.32139665585269,1.2197497818850216,1.8007979797979796,7.626815774574907,208.71342714046548
0.53,0.03,0.5,2.2222222222222223,124.54937060911068,0.095,22.79972103870729,50.32139665585269,1.2197497818850216,1.3532222222222223,5.731223994435833,204.6214620799915
0.53,0.03,0.5,2.2222222222222223,124.54937060911068,0.095,22.79972103870729,50.32139665585269,1.2197497818850216,1.3532222222222223,5.731223994435833,204.6214620799915
0.42999999999999994,0.09,0.33999999999999997,3.2679738562091503,76.1159333356281,0.29970588235294116,71.9285316979651,50.32139665585269,1.2197497818850216,2.6036797385620916,11.027214559755421,210.61282603108634
0.42999999999999994,0.09,0.33999999999999997,3.2679738562091503,76.1159333356281,0.29970588235294116,71.9285316979651,50.32139665585269,1.2197497818850216,2.6036797385620916,11.027214559755421,210.61282603108634
0.43000000000000005,0.03,0.4,2.7777777777777777,119.12447142517111,0.11,26.399676992187388,50.32139665585269,1.2197497818850216,1.9237777777777778,8.1476650168045,205.2129598719007
0.43000000000000005,0.03,0.4,2.7777777777777777,119.12447142517111,0.11,26.399676992187388,50.32139665585269,1.2197497818850216,1.9237777777777778,8.1476650168045,205.2129598719007
