Reactive Alumina,Reactive Silica,Available Alumina,Tonnes per Tonne,Bauxite Cost Incl. Processing Penalties,Caustic Use t.NAOH / t.AA,Caustic cost,Thermal Energy Cost,Lime Cost,Mud make,Mud Disposal Cost,Total Cost
0.53,0.09,0.44000000000000006,2.470355731225296,89.2388405675405,0.23509881422924897,56.4230250627131,50.32139665585269,1.2197497818850216,1.741454545454545,7.375481951322432,204.57849401931372
0.53,0.09,0.44000000000000006,2.470355731225296,89.2388405675405,0.23509881422924897,56.4230250627131,50.32139665585269,1.2197497818850216,1.741454545454545,7.375481951322432,204.57849401931372
0.53,0.03,0.5,2.1739130434782608,121.12438429152131,0.09369565217391304,22.486681390578585,50.32139665585269,1.2197497818850216,1.3036086956521737,5.521098688142904,200.6733108079805
0.53,0.03,0.5,2.1739130434782608,121.12438429152131,0.09369565217391304,22.486681390578585,50.32139665585269,1.2197497818850216,1.3036086956521737,5.521098688142904,200.6733108079805
0.42999999999999994,0.09,0.33999999999999997,3.1969309462915603,73.40625192040346,0.2939514066496164,70.54747442680906,50.32139665585269,1.2197497818850216,2.526882352941177,10.701959023781633,206.19683180873184
0.42999999999999994,0.09,0.33999999999999997,3.1969309462915603,73.40625192040346,0.2939514066496164,70.54747442680906,50.32139665585269,1.2197497818850216,2.526882352941177,10.701959023781633,206.19683180873184
0.43000000000000005,0.03,0.4,2.717391304347826,115.63806987245,0.10836956521739131,26.00837743202651,50.32139665585269,1.2197497818850216,1.8617608695652175,7.885008383938341,201.07260212615253
0.43000000000000005,0.03,0.4,2.717391304347826,115.63806987245,0.10836956521739131,26.00837743202651,50.32139665585269,1.2197497818850216,1.8617608695652175,7.885008383938341,201.07260212615253
