Coefficient,Value
C0,39.339346187401006
C1,1.3162407061038202
C2,-3.265555685393234
C3,-0.1
C3 actual,0.0
