Coefficient,Value
C0,39.339346187401
C1,1.3162407061038195
C2,-3.2655556853932346
C3,-0.1
C3 actual,0.0
