Reactive Alumina,Reactive Silica,Available Alumina,Tonnes per Tonne,Bauxite Cost Incl. Processing Penalties,Caustic Use t.NAOH / t.AA,Caustic cost,Thermal Energy Cost,Lime Cost,Mud make,Mud Disposal Cost,Total Cost
0.475,0.035,0.43999999999999995,2.5252525252525255,0,0.11454545454545458,27.490572735666213,50.32139665585269,1.2197497818850216,1.67579797979798,7.097410487298424,86.12912966070235
0.475,0.035,0.43999999999999995,2.5252525252525255,0,0.11454545454545458,27.490572735666213,50.32139665585269,1.2197497818850216,1.67579797979798,7.097410487298424,86.12912966070235
0.475,0.035,0.43999999999999995,2.5252525252525255,0,0.11454545454545458,27.490572735666213,50.32139665585269,1.2197497818850216,1.67579797979798,7.097410487298424,86.12912966070235
0.475,0.035,0.43999999999999995,2.5252525252525255,0,0.11454545454545458,27.490572735666213,50.32139665585269,1.2197497818850216,1.67579797979798,7.097410487298424,86.12912966070235
0.475,0.035,0.43999999999999995,2.5252525252525255,0,0.11454545454545458,27.490572735666213,50.32139665585269,1.2197497818850216,1.67579797979798,7.097410487298424,86.12912966070235
0.475,0.035,0.43999999999999995,2.5252525252525255,0,0.11454545454545458,27.490572735666213,50.32139665585269,1.2197497818850216,1.67579797979798,7.097410487298424,86.12912966070235
0.475,0.035,0.43999999999999995,2.5252525252525255,0,0.11454545454545458,27.490572735666213,50.32139665585269,1.2197497818850216,1.67579797979798,7.097410487298424,86.12912966070235
0.475,0.035,0.43999999999999995,2.5252525252525255,0,0.11454545454545458,27.490572735666213,50.32139665585269,1.2197497818850216,1.67579797979798,7.097410487298424,86.12912966070235
