Reactive Alumina,Reactive Silica,Available Alumina,Tonnes per Tonne,Bauxite Cost Incl. Processing Penalties,Caustic Use t.NAOH / t.AA,Caustic cost,Thermal Energy Cost,Lime Cost,Mud make,Mud Disposal Cost,Total Cost
0.5,0.05,0.45,2.4691358024691357,0,0.14611111111111114,35.06623762093578,50.32139665585269,1.2197497818850216,1.6512469135802468,6.993430773186879,93.60081483186038
0.5,0.05,0.45,2.4691358024691357,0,0.14611111111111114,35.06623762093578,50.32139665585269,1.2197497818850216,1.6512469135802468,6.993430773186879,93.60081483186038
0.5,0.05,0.45,2.4691358024691357,0,0.14611111111111114,35.06623762093578,50.32139665585269,1.2197497818850216,1.6512469135802468,6.993430773186879,93.60081483186038
0.5,0.05,0.45,2.4691358024691357,0,0.14611111111111114,35.06623762093578,50.32139665585269,1.2197497818850216,1.6512469135802468,6.993430773186879,93.60081483186038
0.5,0.05,0.45,2.4691358024691357,0,0.14611111111111114,35.06623762093578,50.32139665585269,1.2197497818850216,1.6512469135802468,6.993430773186879,93.60081483186038
0.5,0.05,0.45,2.4691358024691357,0,0.14611111111111114,35.06623762093578,50.32139665585269,1.2197497818850216,1.6512469135802468,6.993430773186879,93.60081483186038
0.5,0.05,0.45,2.4691358024691357,0,0.14611111111111114,35.06623762093578,50.32139665585269,1.2197497818850216,1.6512469135802468,6.993430773186879,93.60081483186038
0.5,0.05,0.45,2.4691358024691357,0,0.14611111111111114,35.06623762093578,50.32139665585269,1.2197497818850216,1.6512469135802468,6.993430773186879,93.60081483186038
