Reactive Alumina,Reactive Silica,Available Alumina,Tonnes per Tonne,Bauxite Cost Incl. Processing Penalties,Caustic Use t.NAOH / t.AA,Caustic cost,Thermal Energy Cost,Lime Cost,Mud make,Mud Disposal Cost,Total Cost
0.5,0.05,0.45,2.4154589371980677,0,0.14369565217391306,34.486534568845585,50.32139665585269,1.2197497818850216,1.5951545893719807,6.755866189095016,92.78354719567832
0.5,0.05,0.45,2.4154589371980677,0,0.14369565217391306,34.486534568845585,50.32139665585269,1.2197497818850216,1.5951545893719807,6.755866189095016,92.78354719567832
0.5,0.05,0.45,2.4154589371980677,0,0.14369565217391306,34.486534568845585,50.32139665585269,1.2197497818850216,1.7791545893719807,7.535150771966002,93.56283177854931
0.5,0.05,0.45,2.4154589371980677,0,0.14369565217391306,34.486534568845585,50.32139665585269,1.2197497818850216,1.5951545893719807,6.755866189095016,92.78354719567832
0.5,0.05,0.45,2.4154589371980677,0,0.14369565217391306,34.486534568845585,50.32139665585269,1.2197497818850216,1.5951545893719807,6.755866189095016,92.78354719567832
0.5,0.05,0.45,2.4154589371980677,0,0.14369565217391306,34.486534568845585,50.32139665585269,1.2197497818850216,1.5951545893719807,6.755866189095016,92.78354719567832
0.5,0.05,0.45,2.4154589371980677,0,0.14369565217391306,34.486534568845585,50.32139665585269,1.2197497818850216,1.5951545893719807,6.755866189095016,92.78354719567832
0.5,0.05,0.45,2.4154589371980677,0,0.14369565217391306,34.486534568845585,50.32139665585269,1.2197497818850216,1.5951545893719807,6.755866189095016,92.78354719567832
0.5,0.05,0.45,2.4154589371980677,0,0.14369565217391306,34.486534568845585,50.32139665585269,1.2197497818850216,1.5951545893719807,6.755866189095016,92.78354719567832
