Reactive Alumina,Reactive Silica,Available Alumina,Tonnes per Tonne,Bauxite Cost Incl. Processing Penalties,Caustic Use t.NAOH / t.AA,Caustic cost,Thermal Energy Cost,Lime Cost,Mud make,Mud Disposal Cost,Total Cost
0.475,0.035,0.43999999999999995,2.4703557312252964,111.16600790513834,0.11281620553359686,27.075558050647096,50.32139665585269,1.2197497818850216,1.6191719367588933,6.857585474638917,196.64029786816204
0.475,0.035,0.43999999999999995,2.4703557312252964,111.16600790513834,0.11281620553359686,27.075558050647096,50.32139665585269,1.2197497818850216,1.6191719367588933,6.857585474638917,196.64029786816204
0.53,0.09,0.4193,2.5923122388245416,117.00401289934568,0.17498486089652526,41.995852783555534,55.91266295094743,7.45402644485291,1.9872970997210668,8.416684735852456,230.783239814554
0.425,0.037,0.388,2.8014343343792016,126.44273868220526,0.1282877633348274,30.788686491723848,50.32139665585269,1.2197497818850216,1.965722097714029,8.325309374768244,217.09788098643503
0.425,0.037,0.388,2.8014343343792016,126.44273868220526,0.1282877633348274,30.788686491723848,50.32139665585269,1.2197497818850216,1.965722097714029,8.325309374768244,217.09788098643503
0.4575,0.0525,0.405,2.6838432635534084,121.13526570048309,0.16181159420289856,38.83430745952203,50.32139665585269,1.2197497818850216,1.881654857756307,7.9692642442053705,219.47998384194818
0.4575,0.0525,0.405,2.6838432635534084,121.13526570048309,0.16181159420289856,38.83430745952203,50.32139665585269,1.2197497818850216,1.881654857756307,7.9692642442053705,219.47998384194818
0.4575,0.0525,0.405,2.6838432635534084,121.13526570048309,0.16181159420289856,38.83430745952203,50.32139665585269,1.2197497818850216,1.881654857756307,7.9692642442053705,219.47998384194818
0.41300000000000003,0.013,0.4,2.717391304347826,122.64945652173913,0.06679347826086957,16.03023864792406,50.32139665585269,1.2197497818850216,1.8201847826086959,7.708923581865945,197.92976518926682
