index,Exporter.Importer Combination,Exporter,Importer,Total,Rank,Sum,% of total,Annualised
167,Guinea_Spain,Guinea,Spain,0.9402587499999999,4.0,22.429224749999996,73.30850022161644,3.7303743885869562
168,Guinea_Ukraine,Guinea,Ukraine,0.8777530209166666,6.0,24.225009770916664,79.17790980091297,3.4823897025498187
166,Guinea_Ireland,Guinea,Ireland,0.7632705,7.0,24.988280270916665,81.67261107757673,3.0281927445652177
163,Guinea_Germany,Guinea,Germany,0.5980858333333334,9.0,26.271957104249996,85.8682274874083,2.3728405344202903
165,Guinea_India,Guinea,India,0.39422950999999995,10.0,26.666186614249995,87.1567416667137,1.5640627298913043
160,Guinea_Canada,Guinea,Canada,0.183164,17.0,28.68352555491666,93.75028619744643,0.7266832608695653
162,Guinea_France,Guinea,France,0.15276783333333335,19.0,29.002015971583326,94.79125194820386,0.6060897735507247
164,Guinea_Greece,Guinea,Greece,0.007455583333333332,61.0,30.435519506999995,99.47656744239102,0.02957921648550724
169,Guinea_United States,Guinea,United States,0.0,343.0,30.59566719029166,99.99999999999997,0.0
