Reactive Alumina,Reactive Silica,Available Alumina,Tonnes per Tonne,Bauxite Cost Incl. Processing Penalties,Caustic Use t.NAOH / t.AA,Caustic cost,Thermal Energy Cost,Lime Cost,Mud make,Mud Disposal Cost,Total Cost
0.475,0.035,0.43999999999999995,2.5252525252525255,0,0.11454545454545458,27.490572735666213,50.32139665585269,1.2197497818850216,1.67579797979798,7.097410487298424,86.12912966070235
0.475,0.035,0.43999999999999995,2.5252525252525255,0,0.11454545454545458,27.490572735666213,50.32139665585269,1.2197497818850216,1.67579797979798,7.097410487298424,86.12912966070235
0.54,0.08999999999999998,0.42930000000000007,2.588192665061987,0,0.17476240391334727,41.94246376082321,55.91266295094743,7.45402644485291,1.9829550689753344,8.398295183577993,113.70744834020155
0.5,0.05,0.45,2.4691358024691357,0,0.14611111111111114,35.06623762093578,50.32139665585269,1.2197497818850216,1.6512469135802468,6.993430773186879,93.60081483186038
0.5,0.05,0.45,2.4691358024691357,0,0.14611111111111114,35.06623762093578,50.32139665585269,1.2197497818850216,1.6512469135802468,6.993430773186879,93.60081483186038
0.5,0.05,0.45,2.4691358024691357,0,0.14611111111111114,35.06623762093578,50.32139665585269,1.2197497818850216,1.6512469135802468,6.993430773186879,93.60081483186038
0.5,0.05,0.45,2.4691358024691357,0,0.14611111111111114,35.06623762093578,50.32139665585269,1.2197497818850216,1.6512469135802468,6.993430773186879,93.60081483186038
0.5,0.05,0.45,2.4691358024691357,0,0.14611111111111114,35.06623762093578,50.32139665585269,1.2197497818850216,1.6512469135802468,6.993430773186879,93.60081483186038
0.41500000000000004,0.0125,0.4025,2.760524499654934,0,0.06605590062111802,15.853222180232235,50.32139665585269,1.2197497818850216,1.8625804002760522,7.888479295069551,75.28284791303949
