RMB per US$,AU$ per US$,US$ per US$,IMF Special Drawing Rights to US Dollar
6.982,0.67,1,
7.076,0.591564059880481,1,1.35
7.076,0.591564059880481,1,1.35
7.076,0.591564059880481,1,1.35
7.076,0.591564059880481,1,1.35
7.076,0.591564059880481,1,1.35
7.076,0.591564059880481,1,1.35
7.076,0.591564059880481,1,1.35
7.076,0.591564059880481,1,1.35
7.076,0.591564059880481,1,1.35
7.076,0.591564059880481,1,1.35
7.076,0.591564059880481,1,1.35
7.076,0.591564059880481,1,1.35
7.076,0.591564059880481,1,1.35
