index,Exporter.Importer Combination,Exporter,Importer,Total,Rank,Sum,% of total,Annualised
76,Guinea_Spain,Guinea,Spain,0.9402587499999999,4.0,23.429224749999996,74.1532837679688,3.7303743885869562
77,Guinea_Ukraine,Guinea,Ukraine,0.8777530209166666,6.0,25.225009770916664,79.83692706659316,3.4823897025498187
75,Guinea_Ireland,Guinea,Ireland,0.7632705,7.0,25.988280270916665,82.2526712741867,3.0281927445652177
72,Guinea_Germany,Guinea,Germany,0.5980858333333334,9.0,27.271957104249996,86.3154968053018,2.3728405344202903
74,Guinea_India,Guinea,India,0.39422950999999995,11.0,28.110148614249994,88.96836532981123,1.5640627298913043
69,Guinea_Canada,Guinea,Canada,0.183164,17.0,29.78247755491666,94.26127125452143,0.7266832608695653
71,Guinea_France,Guinea,France,0.15276783333333335,19.0,30.100967971583326,95.26929053371086,0.6060897735507247
73,Guinea_Greece,Guinea,Greece,0.007455583333333332,60.0,31.435519506999995,99.49313403535001,0.02957921648550724
79,Guinea_United States,Guinea,United States,0.0,342.0,31.59566719029166,99.99999999999997,0.0
