Coefficient,Value
C0,39.33934618740098
C1,1.3162407061038228
C2,-3.265555685393237
C3,-0.1
C3 actual,0.0
