year_id,dieselindex
Y_10,1
Y_11,1
Y_12,0.681377124
Y_13,0.777650111
Y_14,0.780605266
Y_15,0.78356042
Y_16,0.786515574
Y_17,0.789470728
Y_18,0.789470728
Y_19,0.789470728
Y_20,0.789470728
Y_21,0.789470728
Y_22,0.789470728
Y_23,0.789470728
Y_24,0.789470728
Y_25,0.789470728
Y_26,0.789470728
Y_27,0.789470728
Y_28,0.789470728
Y_29,0.789470728
Y_30,0.789470728
Y_31,0.789470728
Y_32,0.789470728
Y_33,0.789470728
Y_34,0.789470728
Y_35,0.789470728
Y_36,0.789470728
