Qingdao Freight,Actual Port Freight,Freight Differential
6.447004652203899,6.447004652203899,0.0
5.959662860351434,5.959662860351434,0.0
6.447004652203899,6.447004652203899,0.0
5.959662860351434,5.959662860351434,0.0
6.447004652203899,6.447004652203899,0.0
5.959662860351434,5.959662860351434,0.0
6.447004652203899,6.447004652203899,0.0
5.959662860351434,5.959662860351434,0.0
