Qingdao Freight,Actual Port Freight,Freight Differential
5.107657097351021,5.107657097351021,0.0
4.547316804093335,4.547316804093335,0.0
5.7460059504863255,5.7460059504863255,0.0
6.751901852637503,6.751901852637503,0.0
5.32074672572559,5.32074672572559,0.0
6.461608290248719,6.461608290248719,0.0
7.973371714037451,7.973371714037451,0.0
10.48769206234723,10.48769206234723,0.0
12.276488149506475,12.276488149506475,0.0
