Reactive Alumina,Reactive Silica,Available Alumina,Tonnes per Tonne,Bauxite Cost Incl. Processing Penalties,Caustic Use t.NAOH / t.AA,Caustic cost,Thermal Energy Cost,Lime Cost,Mud make,Mud Disposal Cost,Total Cost
0.475,0.035,0.43999999999999995,2.5252525252525255,114.46969696969698,0.11454545454545458,27.490572735666213,50.32139665585269,1.2197497818850216,1.67579797979798,7.097410487298424,200.59882663039932
0.475,0.035,0.43999999999999995,2.5252525252525255,114.46969696969698,0.11454545454545458,27.490572735666213,50.32139665585269,1.2197497818850216,1.67579797979798,7.097410487298424,200.59882663039932
0.53,0.09,0.4193,2.649919177465087,121.37954792378832,0.1780956355831147,42.742429573750385,55.91266295094743,7.45402644485291,2.048014813048202,8.673838963586242,236.16250585692526
0.425,0.037,0.388,2.8636884306987396,132.60309278350513,0.130360824742268,31.28621514210023,50.32139665585269,1.2197497818850216,2.0300492554410074,8.597750474097289,224.02820483744034
0.425,0.037,0.388,2.8636884306987396,132.60309278350513,0.130360824742268,31.28621514210023,50.32139665585269,1.2197497818850216,2.0300492554410074,8.597750474097289,224.02820483744034
0.4575,0.0525,0.405,2.743484224965706,126.10425240054867,0.16462962962962963,39.51062768696058,50.32139665585269,1.2197497818850216,1.9441138545953358,8.233793229521908,225.38981975476884
0.4575,0.0525,0.405,2.743484224965706,126.10425240054867,0.16462962962962963,39.51062768696058,50.32139665585269,1.2197497818850216,1.9441138545953358,8.233793229521908,225.38981975476884
0.4575,0.0525,0.405,2.743484224965706,126.10425240054867,0.16462962962962963,39.51062768696058,50.32139665585269,1.2197497818850216,1.9441138545953358,8.233793229521908,225.38981975476884
0.41300000000000003,0.013,0.4,2.7777777777777777,126.29166666666666,0.0675,16.199801790660445,50.32139665585269,1.2197497818850216,1.8812777777777776,7.967667219130494,202.0002821141953
